,,,,,,,,,,,,,,
Disclaimers
• This is an analytics report and currently we support downloading top 8000 listings by sold quantity.
• This report ONLY includes listings sold within the selected time range. Any fees charged or credits applied to listings sold outside this time range are not included in this report. These fees and credits are included in the selling costs number shown on the Seller Hub Performance sales report dashboard.
• Any fees charged or credits applied to these listings outside this time range are not included in this report.
"• For the orders that have more than one unique item (multi-item orders), the order level fees/costs are distributed in individual items as follows. Total shipping label cost and per order fixed final value fees are equally distributed to each item."

"Report for Jan 1, 2022 to Dec 31, 2022"
Listing title,eBay item ID,Store category L1,Store category L2,Quantity sold,Total sales (Includes taxes),Item sales,Taxes and government fees paid by buyer to you,Taxes and government fees paid by buyer to eBay,Shipping and handling paid by buyer to you,Total selling costs,Insertion fees,Optional listing upgrade fees,Final value fees,Ads Standard fees,Ads Advanced fees,Ads Express fees,International fees,Other eBay fees,Deposit processing fees,Fee credits,Shipping labels cost (Amount you paid to buy shipping labels on eBay),Net sales (Net of taxes and selling costs),Average Selling price,Quantity sold via promoted listing,Quantity sold via Best Offers,Quantity sold via Seller Initiated Offers,
"Ninety-Nine Nights N3 (Microsoft Xbox 360, 2006) GAME DISC & CASE EPIC RPG SAGA",393725779874,-,-,1,$17.86,$12.00,$0.00,$1.01,$4.85,$6.93,$0.00,$0.00,$2.54,$0.60,$0.00,$0.00,$0.00,$0.00,$0.00,$0.00,$3.79,$9.92,$17.86,1,0,0
"The Orange Box: Half-Life 2 & Portal (Xbox 360, 2007) Complete w/ Manual",393725788988,-,-,1,$17.13,$12.00,$0.00,$1.13,$4.00,$6.30,$0.00,$0.00,$2.45,$0.00,$0.00,$0.00,$0.00,$0.00,$0.00,$0.00,$3.85,$9.70,$17.13,0,0,0
Sony PlayStation 2 Electronic Arts Need For Speed Underground 2 Complete,393804431741,-,-,1,$16.20,$11.00,$0.00,$0.00,$5.20,$6.18,$0.00,$0.00,$2.33,$0.00,$0.00,$0.00,$0.00,$0.00,$0.00,$0.00,$3.85,$10.02,$16.20,0,1,0
Sailor Moon R: Season 2 Part 1 (DVD) *SEALED*,393842113986,-,-,1,$22.25,$16.00,$0.00,$1.00,$5.25,$7.02,$0.00,$0.00,$3.54,$0.00,$0.00,$0.00,$0.00,$0.00,$0.00,$0.00,$3.48,$14.23,$22.25,0,0,0
Bandai Saban's Power Rangers Super Ninja Steel Blaster Dart Gun Electronic,393986577453,-,-,1,$49.67,$35.00,$0.00,$2.92,$11.75,$15.83,$0.00,$0.00,$6.71,$0.00,$0.00,$0.00,$0.00,$0.00,$0.00,$0.00,$9.12,$30.92,$49.67,0,0,0
2003 Bandai Power Rangers Dino Thunder - Blue Thundermax Saber Gun TESTED WORKS,393986612021,-,-,1,$28.09,$20.00,$0.00,$2.14,$5.95,$9.02,$0.00,$0.00,$3.92,$0.60,$0.00,$0.00,$0.00,$0.00,$0.00,$0.00,$4.50,$16.93,$28.09,1,0,0
Saban's Power Rangers Nerf Beast Morphers CHEETAH Red Ranger Blaster Hasbro 2018,393986615623,-,-,1,$34.45,$20.00,$0.00,$3.55,$10.90,$17.28,$0.00,$0.00,$4.74,$0.92,$0.00,$0.00,$0.00,$0.00,$0.00,$0.00,$11.62,$13.62,$34.45,1,0,0
Funko POP! Hannibal: Hannibal Lecter #146 Vinyl Figure In Box VAULTED,393986644030,-,-,1,$48.54,$40.00,$0.00,$3.39,$5.15,$11.35,$0.00,$0.00,$6.56,$0.40,$0.00,$0.00,$0.00,$0.00,$0.00,$0.00,$4.39,$33.80,$48.54,1,0,0
Pelican Monster Brain Pokemon Save Editor Nintendo Gameboy Color Tested Works,393988421633,-,-,1,$69.03,$59.00,$0.00,$5.33,$4.70,$16.22,$0.00,$0.00,$9.20,$3.54,$0.00,$0.00,$0.00,$0.00,$0.00,$0.00,$3.48,$47.48,$69.03,1,1,0
Resident Evil 2 Sony PlayStation 1 PS1 PSOne Black Label No Manual,393992819521,-,-,1,$46.75,$39.00,$0.00,$2.65,$5.10,$11.65,$0.00,$0.00,$6.33,$1.56,$0.00,$0.00,$0.00,$0.00,$0.00,$0.00,$3.76,$32.45,$46.75,1,1,0
"NBA 2K12 (Sony PSP, 2012) Complete, Michael Jordan Cover",393992832226,-,-,1,$18.26,$12.00,$0.00,$1.66,$4.60,$6.65,$0.00,$0.00,$2.66,$0.60,$0.00,$0.00,$0.00,$0.00,$0.00,$0.00,$3.39,$9.95,$18.26,1,1,0
Warhammer 40000 Squad Command Sony PSP 2007 Complete CIB. Mint! Ships Next Day!,393992837151,-,-,1,$17.49,$12.00,$0.00,$0.99,$4.50,$5.93,$0.00,$0.00,$2.56,$0.00,$0.00,$0.00,$0.00,$0.00,$0.00,$0.00,$3.37,$10.57,$17.49,0,1,0
FEAR First Encounter Assault Recon - Sony PlayStation 3 PS3 Complete w/ Manual,393992853957,-,-,1,$22.08,$15.00,$0.00,$2.28,$4.80,$7.62,$0.00,$0.00,$3.15,$0.75,$0.00,$0.00,$0.00,$0.00,$0.00,$0.00,$3.72,$12.18,$22.08,1,1,0
"Marvel's Spider-Man Ps4 Tested PlayStation 4, 2018 Tested",393992859956,-,-,1,$21.61,$16.00,$0.00,$0.96,$4.65,$7.31,$0.00,$0.00,$3.09,$0.80,$0.00,$0.00,$0.00,$0.00,$0.00,$0.00,$3.42,$13.34,$21.61,1,0,0
"Jojo's Bizarre Adventure Sony PlayStation 1, PS1, 2000 US NTSC Disc Only Tested.",393997636671,-,-,1,$280.76,$250.00,$0.00,$25.76,$5.00,$59.64,$0.00,$0.00,$36.52,$15.00,$0.00,$0.00,$0.00,$0.00,$0.00,$0.00,$8.12,$195.36,$280.76,1,1,0
Build-A-Bear Sonic the Hedgehog - Tails Plush Yellow BAB 14” Loose Plushie,394013296481,-,-,1,$38.05,$30.00,$0.00,$2.15,$5.90,$9.93,$0.00,$0.00,$5.21,$0.30,$0.00,$0.00,$0.00,$0.00,$0.00,$0.00,$4.42,$25.97,$38.05,1,1,0
Funko Pop! ATTACK ON TITAN #21 Mikasa Ackerman - OOB No Box Loose,394020013120,-,-,1,$47.95,$40.00,$0.00,$2.80,$5.15,$11.98,$0.00,$0.00,$6.49,$0.00,$0.00,$0.00,$0.00,$0.00,$0.00,$0.00,$5.49,$33.17,$47.95,0,1,0
"Funko Pop Breaking Bad #158 Walter White, Loose, OOB",394020024467,-,-,1,$26.72,$20.00,$0.00,$1.52,$5.20,$7.76,$0.00,$0.00,$3.75,$0.20,$0.00,$0.00,$0.00,$0.00,$0.00,$0.00,$3.81,$17.44,$26.72,1,0,0
"Disgaea 5: Alliance of Vengeance (Sony PlayStation 4, 2015) - Complete",394020039752,-,-,1,$33.23,$25.00,$0.00,$3.43,$4.80,$8.56,$0.00,$0.00,$4.59,$0.25,$0.00,$0.00,$0.00,$0.00,$0.00,$0.00,$3.72,$21.24,$33.23,1,0,0
"Divinity: Original Sin -- Enhanced Edition (Sony PlayStation 4 PS4, 2015) VG",394020049136,-,-,1,$26.73,$20.00,$0.00,$1.73,$5.00,$7.61,$0.00,$0.00,$3.75,$0.00,$0.00,$0.00,$0.00,$0.00,$0.00,$0.00,$3.86,$17.39,$26.73,0,0,1
"Near Dark (DVD, 2002, 2-Disc Set) Bill Paxton Horror THX Digital w/ Insert ",394021097350,-,-,1,$35.19,$30.00,$0.00,$2.00,$3.19,$9.23,$0.00,$0.00,$5.44,$0.60,$0.00,$0.00,$0.00,$0.00,$0.00,$0.00,$3.19,$23.96,$35.19,1,0,0
"NFL Street (Sony PlayStation 2, 2004) Black Label CIB Tested Complete W/ Manual",394021480111,-,-,1,$21.36,$15.00,$0.00,$1.21,$5.15,$6.85,$0.00,$0.00,$3.06,$0.00,$0.00,$0.00,$0.00,$0.00,$0.00,$0.00,$3.79,$13.30,$21.36,0,0,0
Vintage BATMOBILE BATMISSLE Figure Vehicle 1992 Kenner Pre Owned Car Only,394021553222,-,-,1,$72.14,$55.00,$0.00,$3.44,$13.70,$21.19,$0.00,$0.00,$9.61,$1.65,$0.00,$0.00,$0.00,$0.00,$0.00,$0.00,$9.93,$47.51,$72.14,1,0,0
Funko Pop! Breaking Bad #161 Jesse Pinkman Haz-Mat Suit Vaulted OOB Loose No Box,394043346873,-,-,1,$26.66,$25.00,$0.00,$1.66,$0.00,$7.55,$0.00,$0.00,$3.74,$0.00,$0.00,$0.00,$0.00,$0.00,$0.00,$0.00,$3.81,$17.45,$26.66,0,1,0
"L.A. Noire (Microsoft Xbox 360, 2011) CIB / UNOPENED - FACTORY SEALED! ",394056159894,-,-,1,$15.89,$14.99,$0.00,$0.90,$0.00,$6.11,$0.00,$0.00,$2.35,$0.00,$0.00,$0.00,$0.00,$0.00,$0.00,$0.00,$3.76,$8.88,$15.89,0,0,0
Demon Slayer Kimetsu no Yaiba The Hinokami Chronicles PlayStation 5 PS5,394091279754,-,-,1,$29.07,$22.00,$0.00,$2.37,$4.70,$7.53,$0.00,$0.00,$4.05,$0.00,$0.00,$0.00,$0.00,$0.00,$0.00,$0.00,$3.48,$19.17,$29.07,0,1,0
Tony Hawk Pro Skater 1+2 - Sony PlayStation 5 Open Box Disc Brand New,394091285430,-,-,1,$26.01,$20.00,$0.00,$1.36,$4.65,$7.08,$0.00,$0.00,$3.66,$0.00,$0.00,$0.00,$0.00,$0.00,$0.00,$0.00,$3.42,$17.57,$26.01,0,0,0
Resident Evil 2 II Remake for Xbox One XBOX-ONE RE2 Resident Evil 2,394091288483,-,-,1,$21.05,$14.99,$0.00,$1.26,$4.80,$7.16,$0.00,$0.00,$3.02,$0.42,$0.00,$0.00,$0.00,$0.00,$0.00,$0.00,$3.72,$12.63,$21.05,1,0,0
Sekiro: Shadows Die Twice - Microsoft Xbox One (Pre-Owned),394091292556,-,-,1,$28.50,$22.50,$0.00,$1.35,$4.65,$8.83,$0.00,$0.00,$3.98,$1.43,$0.00,$0.00,$0.00,$0.00,$0.00,$0.00,$3.42,$18.32,$28.50,1,0,0
Vintage 1996 Zippo Lighter Railroad Express Train Logo New Seal In Case,394091300248,-,-,1,$35.00,$30.00,$0.00,$0.00,$5.00,$9.55,$0.00,$0.00,$4.82,$0.00,$0.00,$0.00,$0.58,$0.00,$0.00,$0.00,$4.15,$25.45,$35.00,0,0,0
"Genuine Zippo Lighter, 1994, Stargate - Ra Mask,  *** Retired*** NIB",394091304039,-,-,1,$39.46,$32.00,$0.00,$2.76,$4.70,$10.84,$0.00,$0.00,$5.39,$1.58,$0.00,$0.00,$0.00,$0.00,$0.00,$0.00,$3.87,$25.86,$39.46,1,1,0
Barbie Horse Adventures Riding Camp - PS2 - Complete CIB - Excellent,394095450414,-,-,1,$13.04,$12.00,$0.00,$1.04,$0.00,$5.85,$0.00,$0.00,$1.98,$0.00,$0.00,$0.00,$0.00,$0.00,$0.00,$0.00,$3.87,$6.15,$13.04,0,0,0
The Toxic Avenger Troma 1985/1998 DVD Unrated Directors Cut Cult Classic,394095452166,-,-,1,$12.00,$12.00,$0.00,$0.00,$0.00,$6.01,$0.00,$0.00,$2.05,$0.00,$0.00,$0.00,$0.20,$0.00,$0.00,$0.00,$3.76,$5.99,$12.00,0,0,1
"Toy Story 2: Buzz Lightyear to the Rescue PS1 (PlayStation 1, 1999) COMPLETE CIB",394099339777,-,-,1,$24.99,$24.99,$0.00,$0.00,$0.00,$8.44,$0.00,$0.00,$3.52,$0.75,$0.00,$0.00,$0.41,$0.00,$0.00,$0.00,$3.76,$16.55,$24.99,1,0,0
Ridge Racer 7 (Sony PlayStation 3) PS3 CIB Complete Tested Game w/ Manual,394099342027,-,-,1,$28.49,$22.00,$0.00,$1.99,$4.50,$8.74,$0.00,$0.00,$3.98,$1.00,$0.00,$0.00,$0.00,$0.00,$0.00,$0.00,$3.76,$17.76,$28.49,1,0,0
"Yu-Gi-Oh The Falsebound Kingdom (Nintendo GameCube, 2003) NO MANUAL TESTED",394099348194,-,-,1,$24.70,$20.00,$0.00,$0.00,$4.70,$6.97,$0.00,$0.00,$3.49,$0.00,$0.00,$0.00,$0.00,$0.00,$0.00,$0.00,$3.48,$17.73,$24.70,0,0,0
Vintage Voltron Blazing Sword Original 30 Inches,394116155349,-,-,1,$53.52,$40.00,$0.00,$3.62,$9.90,$22.37,$0.00,$0.00,$7.20,$2.68,$0.00,$0.00,$0.00,$0.00,$0.00,$0.00,$12.49,$27.53,$53.52,1,0,1
1998 GODZILLA FULL BODY HAND PUPPET PLUSH EQUITY TOYS TOHO CO Sound Still Works.,394116161702,-,-,1,$43.23,$30.00,$0.00,$2.33,$10.90,$13.46,$0.00,$0.00,$5.88,$1.47,$0.00,$0.00,$0.00,$0.00,$0.00,$0.00,$6.11,$27.44,$43.23,1,0,0
Nintendo Wii White Console Bundle RVL-001 NTSC-US Complete 4 Remotes TESTED,394119988547,-,-,1,$91.94,$74.99,$0.00,$4.50,$12.45,$22.98,$0.00,$0.00,$12.16,$0.00,$0.00,$0.00,$0.00,$0.00,$0.00,$0.00,$10.82,$64.46,$91.94,0,0,0
"Yugioh Manga Lot Duelist, GX, Zexal, A Few Others, No Promo Cards, Ex Library.",394169787678,-,-,1,$99.77,$80.00,$0.00,$5.96,$13.81,$17.16,$0.00,$0.00,$13.17,$3.99,$0.00,$0.00,$0.00,$0.00,$0.00,$0.00,$0.00,$76.65,$99.77,1,0,0
Canon Sure Shot 80 Tele 35mm Film Camera Point and Shoot 38mm f/3.7 80mm TESTED!,394169815658,-,-,1,$73.27,$60.00,$0.00,$5.97,$7.30,$17.30,$0.00,$0.00,$9.75,$1.83,$0.00,$0.00,$0.00,$0.00,$0.00,$0.00,$5.72,$50.00,$73.27,1,0,0
Pentax Zoom 90-WR Point and Shoot Water Resistant Camera 35mm ( Tested ),394169819867,-,-,1,$41.69,$25.00,$0.00,$1.94,$14.75,$17.30,$0.00,$0.00,$5.68,$0.00,$0.00,$0.00,$0.00,$0.00,$0.00,$0.00,$11.62,$22.45,$41.69,0,0,0
Canon Sure Shot 60 Zoom SAF 35mm Point & Shoot Film Camera Film Tested With Case,394179434491,-,-,1,$63.62,$45.00,$0.00,$3.87,$14.75,$19.58,$0.00,$0.00,$8.51,$1.91,$0.00,$0.00,$0.00,$0.00,$0.00,$0.00,$9.16,$40.17,$63.62,1,0,0
Vintage Mens Marithe Francois Girbaud Jeans Sz 40m Red Shuttle Straps Adjustable,394196310395,-,-,1,$58.70,$45.00,$0.00,$0.00,$13.70,$21.71,$0.00,$0.00,$7.87,$2.94,$0.00,$0.00,$0.97,$0.00,$0.00,$0.00,$9.93,$36.99,$58.70,1,1,0
Bandai Power Rangers Dino Charge Revolver and  Deluxe Saber Morpher Tested,394200799593,-,-,1,$49.90,$40.00,$0.00,$0.00,$9.90,$17.24,$0.00,$0.00,$6.74,$2.30,$0.00,$0.00,$0.00,$0.00,$0.00,$0.00,$8.20,$32.66,$49.90,1,1,0
Original Thor Funko Pop #12 Loose OOB Rare Vaulted 2012 Ship Fast,394200800370,-,-,1,$12.80,$12.00,$0.00,$0.80,$0.00,$6.44,$0.00,$0.00,$1.95,$0.51,$0.00,$0.00,$0.00,$0.00,$0.00,$0.00,$3.98,$5.56,$12.80,1,0,1
Harmonix FENDER STRATOCASTER Wired Guitar Hero Xbox 360 Rock Band TESTED 822152,394201517756,-,-,1,$68.96,$35.00,$0.00,$5.26,$28.70,$35.74,$0.00,$0.00,$9.20,$0.00,$0.00,$0.00,$0.00,$0.00,$0.00,$0.00,$26.54,$27.96,$68.96,0,1,0
Wii Nintendo Guitar Hero Gibson Les Paul Controller Tested With Strap,394201532345,-,-,1,$49.06,$34.99,$0.00,$3.37,$10.70,$15.61,$0.00,$0.00,$6.63,$0.00,$0.00,$0.00,$0.00,$0.00,$0.00,$0.00,$8.98,$30.08,$49.06,0,0,0
Vintage Seiko Quartz Brass Rectangular Clock Westminster-Whittington Chime Works,394211914998,-,-,1,$66.77,$62.99,$0.00,$3.78,$0.00,$25.83,$0.00,$0.00,$8.91,$2.67,$0.00,$0.00,$0.00,$0.00,$0.00,$0.00,$14.25,$37.16,$66.77,1,0,0
"Metal Slug Anthology (Nintendo Wii, 2006) SNK - 10th Anniversary - No Manual",394213731768,-,-,1,$21.33,$15.00,$0.00,$1.63,$4.70,$7.17,$0.00,$0.00,$3.05,$0.64,$0.00,$0.00,$0.00,$0.00,$0.00,$0.00,$3.48,$12.53,$21.33,1,1,0
Guitar Hero 5 2009 Activision Nintendo Wii Complete With Manual Tested,394213736647,-,-,1,$22.94,$16.99,$0.00,$1.30,$4.65,$7.37,$0.00,$0.00,$3.26,$0.69,$0.00,$0.00,$0.00,$0.00,$0.00,$0.00,$3.42,$14.27,$22.94,1,0,0
Need for Speed Underground 2 Sony PlayStation 2 PS2 CIB Complete Black Label,394213741187,-,-,1,$21.40,$15.00,$0.00,$1.70,$4.70,$7.57,$0.00,$0.00,$3.06,$0.64,$0.00,$0.00,$0.00,$0.00,$0.00,$0.00,$3.87,$12.13,$21.40,1,0,0
KellyToy Wario Plush 2005 Nintendo Mario Vintage 18”,394213780227,-,-,1,$48.21,$35.00,$0.00,$2.51,$10.70,$16.46,$0.00,$0.00,$6.52,$1.45,$0.00,$0.00,$0.00,$0.00,$0.00,$0.00,$8.49,$29.24,$48.21,1,0,0
Converse The Joker DC Comics All Star Chuck Taylor Men's 7 Woman's 9 (141261C),394244723158,-,-,1,$40.20,$30.00,$0.00,$0.00,$10.20,$17.95,$0.00,$0.00,$5.49,$4.02,$0.00,$0.00,$0.66,$0.00,$0.00,$0.00,$7.78,$22.25,$40.20,1,0,0
Sony Cyber-shot DSC-P93A 5.1MP Digital Camera Smart Zoom Mpeg Movie VX Silver,394247765663,-,-,1,$31.05,$22.00,$0.00,$2.20,$6.85,$11.06,$0.00,$0.00,$4.31,$2.20,$0.00,$0.00,$0.00,$0.00,$0.00,$0.00,$4.55,$17.79,$31.05,1,0,0
Assassin's Creed Flag Hidden Blade Edward Kenway Pirate Cosplay Kid Toy,394253369481,-,-,1,$26.61,$20.00,$0.00,$1.51,$5.10,$8.82,$0.00,$0.00,$3.73,$1.33,$0.00,$0.00,$0.00,$0.00,$0.00,$0.00,$3.76,$16.28,$26.61,1,0,1
"Final Fantasy XIII-2 13-2 (Microsoft Xbox 360, 2012) Video Game Complete",394256411858,-,-,1,$20.62,$18.99,$0.00,$1.63,$0.00,$7.90,$0.00,$0.00,$2.96,$0.82,$0.00,$0.00,$0.00,$0.00,$0.00,$0.00,$4.12,$11.09,$20.62,1,0,0
"The Orange Box Half Life 2 (Xbox 360, 2007) No Manual Tested Works",394256419746,-,-,1,$21.82,$15.00,$0.00,$1.62,$5.20,$7.62,$0.00,$0.00,$3.11,$1.09,$0.00,$0.00,$0.00,$0.00,$0.00,$0.00,$3.42,$12.58,$21.82,1,0,0
STAR WARS the Rise and the Fall of Darth Vader 2007 hc in case FIRST EDITION 1st,394256432284,-,-,1,$15.90,$15.00,$0.00,$0.90,$0.00,$7.05,$0.00,$0.00,$2.62,$0.94,$0.00,$0.00,$0.00,$0.00,$0.00,$0.00,$3.49,$7.95,$15.90,1,1,0
Nintendo 2DS Crystal Blue Console for 3DS For Parts or Repair Only Please Read,394258954556,-,-,1,$51.99,$36.00,$0.00,$4.24,$11.75,$15.83,$0.00,$0.00,$7.01,$0.00,$0.00,$0.00,$0.00,$0.00,$0.00,$0.00,$8.82,$31.92,$51.99,0,1,0
Legion The Legend of Excalibur CIB Playstation Two  PS2 RPG Tested ALL NEAR MINT,394258966504,-,-,1,$16.88,$10.00,$0.00,$0.78,$6.10,$7.03,$0.00,$0.00,$2.48,$0.00,$0.00,$0.00,$0.00,$0.00,$0.00,$0.00,$4.55,$9.07,$16.88,0,0,0
OEM Original Xbox Green Controller Wired S-Type w/Breakaway Tested Ships Fast,394258994626,-,-,1,$36.61,$23.00,$0.00,$2.01,$11.60,$13.13,$0.00,$0.00,$5.02,$1.83,$0.00,$0.00,$0.00,$0.00,$0.00,$0.00,$6.28,$21.47,$36.61,1,0,0
"Konami Classics: Vol. 1 (Microsoft Xbox 360, 2009) CIB Complete in Box - Tested",394276478475,-,-,1,$31.80,$27.00,$0.00,$0.00,$4.80,$10.13,$0.00,$0.00,$4.40,$1.59,$0.00,$0.00,$0.52,$0.00,$0.00,$0.00,$3.62,$21.67,$31.80,1,0,1
"Mortal Kombat - Komplete Edition (Xbox 360, 2012) Platinum Hits No Manual TESTED",394276486245,-,-,1,$15.98,$10.00,$0.00,$1.08,$4.90,$6.80,$0.00,$0.00,$2.36,$0.80,$0.00,$0.00,$0.00,$0.00,$0.00,$0.00,$3.64,$8.10,$15.98,1,0,1
Xbox 360 Rock Band Guitar Hero Drum No Sticks Foot Pedal Kick 822149 Wired USB,394280799917,-,-,1,$84.68,$60.00,$0.00,$5.91,$18.77,$34.22,$0.00,$0.00,$11.22,$4.23,$0.00,$0.00,$0.00,$0.00,$0.00,$0.00,$18.77,$44.55,$84.68,1,0,0
Art Pro Audio DJ PRE II Phono Preamplifier Turntable Interface Preamp Open Box,394283862483,-,-,1,$42.61,$30.00,$0.00,$2.41,$10.20,$13.78,$0.00,$0.00,$5.80,$0.00,$0.00,$0.00,$0.00,$0.00,$0.00,$0.00,$7.98,$26.42,$42.61,0,0,0
"Sonic Adventure 2 Battle GameCube, 2002 Black Label Case & Disk Only No Manual",394283872684,-,-,1,$43.55,$35.00,$0.00,$3.60,$4.95,$11.77,$0.00,$0.00,$5.92,$2.18,$0.00,$0.00,$0.00,$0.00,$0.00,$0.00,$3.67,$28.18,$43.55,1,0,0
Ben 10 OMNI KIX ARMOR HEATBLAST Black Friday Sale New Mint On Card,394293673517,-,-,1,$26.71,$12.99,$0.00,$1.12,$12.60,$12.03,$0.00,$0.00,$3.75,$1.60,$0.00,$0.00,$0.00,$0.00,$0.00,$0.00,$6.68,$13.56,$26.71,1,0,0
PS2 Crash Twinsanity  Complete Tested,394294258536,-,-,1,$24.45,$12.00,$0.00,$1.60,$10.85,$11.41,$0.00,$0.00,$3.45,$0.00,$0.00,$0.00,$0.00,$0.00,$0.00,$0.00,$7.96,$11.44,$24.45,0,0,0
"Final Fantasy VII (PlayStation 1, 1997) FF7 PS1 Disc Only 1 and 2 Tested Works",394301299593,-,-,1,$17.08,$11.00,$0.00,$0.58,$5.50,$6.56,$0.00,$0.00,$2.50,$0.00,$0.00,$0.00,$0.00,$0.00,$0.00,$0.00,$4.06,$9.94,$17.08,0,0,0
Official Nintendo GameCube Memory Card 251 Blocks (DOL-014) Genuine OEM Tested,394301328471,-,-,1,$20.74,$14.00,$0.00,$1.84,$4.90,$6.62,$0.00,$0.00,$2.98,$0.00,$0.00,$0.00,$0.00,$0.00,$0.00,$0.00,$3.64,$12.28,$20.74,0,0,0
SpongeBob SquarePants The Movie The Video Game Gameboy Advance Tested Authentic,394301334458,-,-,1,$15.94,$10.00,$0.00,$0.99,$4.95,$6.83,$0.00,$0.00,$2.36,$0.80,$0.00,$0.00,$0.00,$0.00,$0.00,$0.00,$3.67,$8.12,$15.94,1,0,0
2014 Power A Hard Shell Clear Case For Nintendo 3DS XL New In Box Fast Shipping,394301340559,-,-,1,$16.23,$10.00,$0.00,$0.83,$5.40,$6.51,$0.00,$0.00,$2.39,$0.00,$0.00,$0.00,$0.00,$0.00,$0.00,$0.00,$4.12,$8.89,$16.23,0,0,0
Dave Mirra Freestyle BMX - PlayStation 1 PS1 (Complete W/ Manual) TESTED CIB,394301347543,-,-,1,$14.39,$8.00,$0.00,$0.79,$5.60,$6.85,$0.00,$0.00,$2.16,$0.43,$0.00,$0.00,$0.00,$0.00,$0.00,$0.00,$4.26,$6.75,$14.39,1,0,0
"Yu-Gi-Oh Forbidden Memories (Sony PlayStation 1, 2001) PS1 CASE ONLY",394308155910,-,-,1,$14.91,$7.99,$0.00,$0.82,$6.10,$7.22,$0.00,$0.00,$2.22,$0.45,$0.00,$0.00,$0.00,$0.00,$0.00,$0.00,$4.55,$6.87,$14.91,1,1,0
"Wrath Unleashed Tested Working Complete CIB!  (Microsoft Xbox, 2004)",394308167609,-,-,1,$18.08,$12.00,$0.00,$1.18,$4.90,$7.54,$0.00,$0.00,$2.63,$1.27,$0.00,$0.00,$0.00,$0.00,$0.00,$0.00,$3.64,$9.36,$18.08,1,0,1
Need for Speed Carbon Nintendo GameCube 2006 Loose Disc Only Tested Works,394308174338,-,-,1,$16.62,$10.00,$0.00,$1.32,$5.30,$6.32,$0.00,$0.00,$2.44,$0.00,$0.00,$0.00,$0.00,$0.00,$0.00,$0.00,$3.88,$8.98,$16.62,0,1,0
Pokemon Alpha Sapphire Nintendo 3DS Original Case & Manual Only NO GAME,394308179545,-,-,1,$16.50,$10.00,$0.00,$1.15,$5.35,$6.91,$0.00,$0.00,$2.43,$0.50,$0.00,$0.00,$0.00,$0.00,$0.00,$0.00,$3.98,$8.44,$16.50,1,0,0
DCeased Vol. 1&2 by Tom Taylor Hardcover Super Hero Zombie Graphic Novel Comics,394308223428,-,-,1,$43.19,$30.00,$0.00,$3.29,$9.90,$10.70,$0.00,$0.00,$5.87,$0.00,$0.00,$0.00,$0.00,$0.00,$0.00,$0.00,$4.83,$29.20,$43.19,0,0,0
runDisney 2015 New Balance W980DIS Tinkerbell Size 7 No Box Glow in the Dark New,394317153227,-,-,1,$68.90,$65.00,$0.00,$3.90,$0.00,$24.90,$0.00,$0.00,$9.19,$6.89,$0.00,$0.00,$0.00,$0.00,$0.00,$0.00,$8.82,$40.10,$68.90,1,1,0
"Deadpool (Microsoft Xbox 360, 2013) Complete & Tested/Working",394317154765,-,-,1,$5.09,$0.00,$0.00,$0.29,$4.80,$3.92,$0.00,$0.00,$2.73,$1.13,$0.00,$0.00,$0.00,$0.00,$0.00,$3.56,$3.62,$0.88,$5.09,1,0,0
"Power A Universal Zelda Hylian Shield Case (New 3DS XL, 3DS XL, 3DS, 2DS)",394322585501,-,-,1,$17.80,$10.00,$0.00,$0.95,$6.85,$10.17,$0.00,$0.00,$2.60,$0.89,$0.00,$0.00,$0.00,$0.00,$0.00,$0.00,$6.68,$6.68,$17.80,1,1,0
Game Boy Player Nintendo Gamecube Dol-017  Adapter Only  NO DISC Tested,394322592521,-,-,1,$52.15,$38.75,$0.00,$3.65,$9.75,$18.69,$0.00,$0.00,$7.03,$3.39,$0.00,$0.00,$0.00,$0.00,$0.00,$0.00,$8.27,$29.81,$52.15,1,0,0
Nintendo Wii Nerf Sports Accessories Kit  - Golf Club Tennis Racket Baseball Bat,394322597503,-,-,1,$22.77,$11.00,$0.00,$0.77,$11.00,$12.42,$0.00,$0.00,$3.24,$0.91,$0.00,$0.00,$0.00,$0.00,$0.00,$0.00,$8.27,$9.58,$22.77,1,0,0
Nintendo Wii Nyko Perfect Shot Remote Pistol Gun Controller (No Orange Clip) 2X,394322602497,-,-,1,$23.18,$15.00,$0.00,$1.43,$6.75,$10.96,$0.00,$0.00,$3.29,$1.16,$0.00,$0.00,$0.00,$0.00,$0.00,$0.00,$6.51,$10.79,$23.18,1,0,1
Hasbro Star Wars Saga 2003 Depa Billaba Loose Great Condition,394322629389,-,-,1,$23.65,$17.00,$0.00,$1.75,$4.90,$8.55,$0.00,$0.00,$3.35,$1.16,$0.00,$0.00,$0.00,$0.00,$0.00,$0.00,$4.04,$13.35,$23.65,1,0,1
Logitech Cordless Precision Original Xbox Wireless Controller w/ Dongle Tested,394324003981,-,-,1,$41.26,$30.00,$0.00,$3.36,$7.90,$13.80,$0.00,$0.00,$5.62,$2.06,$0.00,$0.00,$0.00,$0.00,$0.00,$0.00,$6.12,$24.10,$41.26,1,0,1
Sony PlayStation 4 Pro 1TB Console Model No. CUH-7215B In Box Tested Working,394327478691,-,-,1,$285.40,$255.00,$0.00,$0.00,$30.40,$67.32,$0.00,$0.00,$37.12,$0.00,$0.00,$0.00,$0.00,$0.00,$0.00,$0.00,$30.20,$218.08,$285.40,0,0,0
Dark Souls II Black Armor Edition (Sony PlayStation 3) PS3 Complete Steelbook,394331588446,-,-,1,$25.37,$17.99,$0.00,$1.88,$5.50,$8.90,$0.00,$0.00,$3.57,$1.27,$0.00,$0.00,$0.00,$0.00,$0.00,$0.00,$4.06,$14.59,$25.37,1,0,0
"Persona 5 SteelBook Launch Edition (Sony PlayStation 4, 2017) Tested Complete",394331592318,-,-,1,$27.54,$19.99,$0.00,$1.55,$6.00,$9.62,$0.00,$0.00,$3.85,$1.38,$0.00,$0.00,$0.00,$0.00,$0.00,$0.00,$4.39,$16.37,$27.54,1,0,0
Persona 5 Royal: Steelbook Launch Edition - Sony PlayStation 4 Complete Tested,394331598278,-,-,1,$35.30,$25.99,$0.00,$3.21,$6.10,$11.69,$0.00,$0.00,$4.85,$2.29,$0.00,$0.00,$0.00,$0.00,$0.00,$0.00,$4.55,$20.40,$35.30,1,0,0
Resident Evil Extinction 2008 Blu-ray Steelbook w Program Alice Activated DVD,394331604319,-,-,1,$14.69,$10.00,$0.00,$1.20,$3.49,$5.93,$0.00,$0.00,$2.44,$0.00,$0.00,$0.00,$0.00,$0.00,$0.00,$0.00,$3.49,$7.56,$14.69,0,0,1
"Star Ocean: Integrity and Faithlessness -- Day One Edition (Sony PlayStation 4,",394331614481,-,-,1,$22.78,$16.00,$0.00,$1.88,$4.90,$8.02,$0.00,$0.00,$3.24,$1.14,$0.00,$0.00,$0.00,$0.00,$0.00,$0.00,$3.64,$12.88,$22.78,1,0,0
"Deadpool (Microsoft Xbox 360, 2013) Complete & Tested/Working",394351723769,-,-,1,$19.75,$12.99,$0.00,$1.46,$5.30,$7.72,$0.00,$0.00,$2.85,$0.99,$0.00,$0.00,$0.00,$0.00,$0.00,$0.00,$3.88,$10.57,$19.75,1,0,0
Hasbro Star Wars Luke Skywalker Ultimate FX Green Lightsaber 2010 C-2945A  Works,394361717037,-,-,1,$74.07,$45.99,$0.00,$3.68,$24.40,$37.18,$0.00,$0.00,$9.86,$4.52,$0.00,$0.00,$0.00,$0.00,$0.00,$0.00,$22.80,$33.21,$74.07,1,0,0
YAMAHA PortaSound PSS-570 Electronic Piano Keyboard Digital Synthesizer  WORKS!,394361842459,-,-,1,$116.63,$84.99,$0.00,$8.14,$23.50,$51.31,$0.00,$0.00,$15.35,$8.16,$0.00,$0.00,$0.00,$0.00,$0.00,$0.00,$27.80,$57.18,$116.63,1,0,0
Nike Sb Dunk High Pro Smoke Ion Pink Baroque Brown 305050-262 Size 13 No Box,394364508852,-,-,1,$141.16,$115.00,$0.00,$11.21,$14.95,$16.41,$0.00,$0.00,$16.41,$0.00,$0.00,$0.00,$0.00,$0.00,$0.00,$0.00,$0.00,$113.54,$141.16,0,1,0
Nike Dunk High Premium SB Northern Lights Solar Glow Black 313171-063 Size 13,394364509217,-,-,1,$144.40,$120.00,$0.00,$9.45,$14.95,$16.86,$0.00,$0.00,$16.86,$0.00,$0.00,$0.00,$0.00,$0.00,$0.00,$0.00,$0.00,$118.09,$144.40,0,1,0
"SteelSeries Apex 7 Mechanical Gaming Keyboard - OLED Smart Display, Brown Switch",394387658214,-,-,1,$49.30,$32.00,$0.00,$3.65,$13.65,$19.56,$0.00,$0.00,$6.66,$2.96,$0.00,$0.00,$0.00,$0.00,$0.00,$0.00,$9.94,$26.09,$49.30,1,1,0
"Wii Sports (Nintendo Wii, 2006) In Sleeve No Manual Disc Tested Working",394399363699,-,-,1,$25.22,$18.00,$0.00,$1.92,$5.30,$8.69,$0.00,$0.00,$3.55,$1.26,$0.00,$0.00,$0.00,$0.00,$0.00,$0.00,$3.88,$14.61,$25.22,1,0,0